Politician,Background,Score,State,Score,Approval,Elections,Elections,Polling,Overall
Chris Sununu,Governor,0.4166666666666667,New Hampshire,4,0.25625000000000003,0.171411727652289,325.771392236949,1.1022980434547667,76.3850649012677
Donald Trump,Non-incumbent president,0.25,Florida,10,-0.21,-0.00722700351426054,-1070.03341069333,5.797199542865979,30.513457084751032
Glenn Youngkin,Governor,0.4166666666666667,Virginia,8.66666666666667,0.1875,0.00203538151771402,81.8107572388864,1.026209589706309,68.69397494941892
Kristi Noem,Governor,0.4166666666666667,South Dakota,0.375,-0.08750000000000002,-0.0446359726529703,-125.019998400256,0.6685079157832283,27.097177085452593
Mike Pence,Vice president,0.6363636363636364,Indiana,1.83333333333333,-0.19,-0.045615829410991,-342.880445636668,0.853626064516192,40.65673305028628
Nikki Haley,Ambassador,0.4,South Carolina,1,0.12730000000000002,-0.0497568404422367,-249.022087373791,-8.789030494664196,20.05992921772595
Ron DeSantis,Governor,0.4166666666666667,Florida,10,0.07416666666666667,0.0102154996494408,280.836251221241,-9.798573126400953,47.761608985319356
Tim Scott,Senator,0.25,South Carolina,1,-0.0427,0.00113286414712019,43.8292140016223,-1.4741545491494659,18.402719473277354
