Politician,Background,State,Historical win rate,Home state edge,Adjusted net approval,Electoral performance A,Electoral performance B,Net,Composite score,Polling performance
Chris Sununu,Governor,New Hampshire,0.4166666666666667,4,0.25625000000000003,0.171411727652289,325.771392236949,0.09177871753423186,110.79558389883974,0.09177871753423186
Donald Trump,Non-incumbent president,Florida,0.25,10,-0.21,-0.00722700351426054,-1070.03341069333,0.004216202169106752,24.097544627944515,0.004216202169106752
Glenn Youngkin,Governor,Virginia,0.4166666666666667,8.66666666666667,0.1875,0.00203538151771402,81.8107572388864,0.11482261165383612,100.91981862908143,0.11482261165383612
Kristi Noem,Governor,South Dakota,0.4166666666666667,0.375,-0.08750000000000002,-0.0446359726529703,-125.019998400256,0,29.20038267060972,0
Mike Pence,Vice president,Indiana,0.6363636363636364,1.83333333333333,-0.19,-0.045615829410991,-342.880445636668,8.834356681627431e-5,43.751747434660516,8.834356681627431e-5
Nikki Haley,Ambassador,South Carolina,0.4,1,0.12730000000000002,-0.0497568404422367,-249.022087373791,-0.032615118775694583,43.225940614406355,-0.032615118775694583
Ron DeSantis,Governor,Florida,0.4166666666666667,10,0.07416666666666667,0.0102154996494408,280.836251221241,-0.008310520350147541,68.4488145138367,-0.008310520350147541
Tim Scott,Senator,South Carolina,0.25,1,-0.0427,0.00113286414712019,43.8292140016223,-0.017335011148011843,19.377226092796004,-0.017335011148011843
