Politician,Background,State,Score,Polls A,Polls B,Elections A,Elections B
Ron DeSantis,Governor,Florida,63.40434504954016,-0.013666481886163654,0.0024954934074322994,0.0184332071803944,0.024929379941886678
Chris Christie,Governor,New Jersey,58.55630998981124,-0.009784341630930267,-0.21077626266980282,0.290453050782086,0.051865939612045574
Mike Pence,Vice president,Indiana,56.702943547646115,0.0021964852012112414,-0.06762889584219536,-0.0220860433417697,-0.01576636418837191
Doug Burgum,Governor,North Dakota,49.680324943372504,NA,-6.648348651236231e-4,0.0617235970575325,0.009818561315390249
Asa Hutchinson,Governor,Arkansas,46.29053180096232,NA,-0.03849259882180669,0.058525488806058,0.015094650247594035
Nikki Haley,Ambassador,South Carolina,29.342428117098653,-0.012970847062718007,-0.0017150667741274944,-0.0884657879597304,-0.021942535550956075
Vivek Ramaswamy,Miscellaneous,Ohio,27.715749499605263,-0.021739766069307283,0.05110184660327872,NA,NA
Donald Trump,Non-incumbent president,Florida,27.19200450221553,0.006653674682053098,-0.05546480781656189,-0.0144540070285211,-0.1
Tim Scott,Senator,South Carolina,20.453092287987857,-0.002888146280888692,0.027944188570156344,-0.0668024216519176,-0.022241216275989985
