Politician,Background,State,Historical win rate,Home state edge,Adjusted net approval,Electoral performance A,Electoral performance B,Composite score
Donald Trump,Non-incumbent president,Florida,0.25,10,-0.21,-0.00722700351426054,-1070.03341069333,23.2535227419488
Ron DeSantis,Governor,Florida,0.4166666666666667,10,0.07416666666666667,0.0102154996494408,280.836251221241,70.1111236803585
Brian Kemp,Governor,Georgia,0.4166666666666667,16,0.04750000000000001,0.0171639254030953,260.491842482639,80.13884752176472
Mike Pence,Vice president,Indiana,0.6363636363636364,1.83333333333333,-0.19,-0.045615829410991,-342.880445636668,43.73382831353699
Chris Sununu,Governor,New Hampshire,0.4166666666666667,4,0.25625000000000003,0.171411727652289,325.771392236949,92.44007830490361
Nikki Haley,Ambassador,South Carolina,0.4,1,0.12730000000000002,-0.0473432982882947,-242.907389759966,49.99027259548069
Kristi Noem,Governor,South Dakota,0.4166666666666667,0.375,-0.08750000000000002,-0.0446359726529703,-125.019998400256,29.20029136771337
Greg Abbott,Governor,Texas,0.4166666666666667,2.66666666666667,0,-0.0256391902758861,-455.798200961785,44.42595281084572
Glenn Youngkin,Governor,Virginia,0.4166666666666667,8.66666666666667,0.1875,0.00203538151771402,81.8107572388864,77.95535604522817
