State,Electoral votes,HSE,Last Democratic win,Last Republican win
Georgia,16,16,2022,2022
Texas,40,2.66666666666667,1994,2022
Florida,30,10,2018,2022
South Dakota,3,0.375,2008,2022
Virginia,13,8.66666666666667,2022,2021
New Hampshire,4,4,2022,2022
